macrepo,name,parent_collection,level,url
10,"Map Collections",1,1,https://digitalarchive.mcmaster.ca/islandora/object/macrepo%3A10
34,"World War I (1914-1918)",6,2,https://digitalarchive.mcmaster.ca/islandora/object/macrepo%3A34
49,"Trench Maps, Western Front (Original Collection)",34,3,https://digitalarchive.mcmaster.ca/islandora/object/macrepo%3A49
53,"Aerial Photographs",34,3,https://digitalarchive.mcmaster.ca/islandora/object/macrepo%3A53
5946,"Ontario conservation reports",10,2,https://digitalarchive.mcmaster.ca/islandora/object/macrepo%3A5946
8286,"France 1:100k Topographic Maps",32223,4,https://digitalarchive.mcmaster.ca/islandora/object/macrepo%3A8286
8848,"Belgium & N.E. France 1:100k Topographic Maps",32223,4,https://digitalarchive.mcmaster.ca/islandora/object/macrepo%3A8848
8850,"Holland 1:100k Topographic Maps",32223,4,https://digitalarchive.mcmaster.ca/islandora/object/macrepo%3A8850
9425,"Denmark 1:100k Topographic Maps",32223,4,https://digitalarchive.mcmaster.ca/islandora/object/macrepo%3A9425
9650,"Romania 1:100k Topographic Maps",32223,4,https://digitalarchive.mcmaster.ca/islandora/object/macrepo%3A9650
9839,"Canadian Fire Insurance Plans",10,2,https://digitalarchive.mcmaster.ca/islandora/object/macrepo%3A9839
9916,"Yugoslavia 1:100k Topographic Maps",32223,4,https://digitalarchive.mcmaster.ca/islandora/object/macrepo%3A9916
9921,"Europe, Central 1:250k Topographic Maps",32223,4,https://digitalarchive.mcmaster.ca/islandora/object/macrepo%3A9921
10011,"Poland 1:100k Topographic Maps",32223,4,https://digitalarchive.mcmaster.ca/islandora/object/macrepo%3A10011
18802,"Germany 1:100k Topographic Maps",32223,4,https://digitalarchive.mcmaster.ca/islandora/object/macrepo%3A18802
18807,"Europe, Central 1:100k Topographic Maps",32223,4,https://digitalarchive.mcmaster.ca/islandora/object/macrepo%3A18807
18809,"Middle Danube Topographic Maps",18807,5,https://digitalarchive.mcmaster.ca/islandora/object/macrepo%3A18809
18811,"Germany Topographic Maps",18807,5,https://digitalarchive.mcmaster.ca/islandora/object/macrepo%3A18811
18813,"Poland Topographic Maps",18807,5,https://digitalarchive.mcmaster.ca/islandora/object/macrepo%3A18813
18815,"Central Europe Topographic Maps",18807,5,https://digitalarchive.mcmaster.ca/islandora/object/macrepo%3A18815
18976,"Holland East 1:25k Topographic Maps",32223,4,https://digitalarchive.mcmaster.ca/islandora/object/macrepo%3A18976
19714,"Norway 1:100k Topographic Maps",32223,4,https://digitalarchive.mcmaster.ca/islandora/object/macrepo%3A19714
19788,"Africa 1:2mil Topographic Maps",32223,4,https://digitalarchive.mcmaster.ca/islandora/object/macrepo%3A19788
19790,"Bulgaria 1:250k Topographic Maps",32223,4,https://digitalarchive.mcmaster.ca/islandora/object/macrepo%3A19790
19792,"Turkey 1:500k Topographic Maps",32223,4,https://digitalarchive.mcmaster.ca/islandora/object/macrepo%3A19792
19795,"Europe, North West 1:250k Topographic Maps",32223,4,https://digitalarchive.mcmaster.ca/islandora/object/macrepo%3A19795
20447,"Spain Gibraltar 1:100k Topographic Maps",32223,4,https://digitalarchive.mcmaster.ca/islandora/object/macrepo%3A20447
20449,"Greece 1:100k Topographic Maps",32223,4,https://digitalarchive.mcmaster.ca/islandora/object/macrepo%3A20449
20451,"Iberian Peninsula 1:250k Topographic Maps",32223,4,https://digitalarchive.mcmaster.ca/islandora/object/macrepo%3A20451
21508,"Rare Map Collection (1486-1900)",10,2,https://digitalarchive.mcmaster.ca/islandora/object/macrepo%3A21508
21772,"Yugoslavia 1:250K Topographic Maps",32223,4,https://digitalarchive.mcmaster.ca/islandora/object/macrepo%3A21772
21809,"Romania 1:250k Topographic Maps",32223,4,https://digitalarchive.mcmaster.ca/islandora/object/macrepo%3A21809
22616,"Greece 1:250k Topographic Maps",32223,4,https://digitalarchive.mcmaster.ca/islandora/object/macrepo%3A22616
26857,"Central Europe Topographic Maps",9921,5,https://digitalarchive.mcmaster.ca/islandora/object/macrepo%3A26857
26860,"Germany Topographic Maps",9921,5,https://digitalarchive.mcmaster.ca/islandora/object/macrepo%3A26860
30937,"Italy Switzerland 1:100k Topographic Maps",32223,4,https://digitalarchive.mcmaster.ca/islandora/object/macrepo%3A30937
32223,"WWII Topographic Maps",66649,3,https://digitalarchive.mcmaster.ca/islandora/object/macrepo%3A32223
32227,"Denmark 1:250k Topographic Maps",32223,4,https://digitalarchive.mcmaster.ca/islandora/object/macrepo%3A32227
33182,"Burlington Beach, Ont. 1900",9839,3,https://digitalarchive.mcmaster.ca/islandora/object/macrepo%3A33182
33184,"Hamilton, Ont. 1898",9839,3,https://digitalarchive.mcmaster.ca/islandora/object/macrepo%3A33184
33186,"Hamilton, Ont. 1911",9839,3,https://digitalarchive.mcmaster.ca/islandora/object/macrepo%3A33186
45509,"Beamsville, Ont. 1921",9839,3,https://digitalarchive.mcmaster.ca/islandora/object/macrepo%3A45509
45511,"Callander, Ont. 1916",9839,3,https://digitalarchive.mcmaster.ca/islandora/object/macrepo%3A45511
45513,"Inkerman, Ont. 1889",9839,3,https://digitalarchive.mcmaster.ca/islandora/object/macrepo%3A45513
45514,"Manilla, Ont. 1885",9839,3,https://digitalarchive.mcmaster.ca/islandora/object/macrepo%3A45514
45516,"Neustadt, Ont. 1896",9839,3,https://digitalarchive.mcmaster.ca/islandora/object/macrepo%3A45516
45519,"North Augusta, Ont. 1905",9839,3,https://digitalarchive.mcmaster.ca/islandora/object/macrepo%3A45519
45521,"Norwood, Ont. 1900",9839,3,https://digitalarchive.mcmaster.ca/islandora/object/macrepo%3A45521
45523,"Orangeville, Ont. 1907",9839,3,https://digitalarchive.mcmaster.ca/islandora/object/macrepo%3A45523
45525,"Paisley, Ont. 1904",9839,3,https://digitalarchive.mcmaster.ca/islandora/object/macrepo%3A45525
45526,"Palmerston, Ont. 1914",9839,3,https://digitalarchive.mcmaster.ca/islandora/object/macrepo%3A45526
45527,"Rockwood, Ont. 1904",9839,3,https://digitalarchive.mcmaster.ca/islandora/object/macrepo%3A45527
45529,"Seaforth, Ont. 1923",9839,3,https://digitalarchive.mcmaster.ca/islandora/object/macrepo%3A45529
45533,"Selkirk, Ont. 1905",9839,3,https://digitalarchive.mcmaster.ca/islandora/object/macrepo%3A45533
45534,"Shakespeare, Ont. 1901",9839,3,https://digitalarchive.mcmaster.ca/islandora/object/macrepo%3A45534
45535,"Spanish River, Ont. 1896",9839,3,https://digitalarchive.mcmaster.ca/islandora/object/macrepo%3A45535
45536,"Spragge, Ont. 1896",9839,3,https://digitalarchive.mcmaster.ca/islandora/object/macrepo%3A45536
45537,"Springfield, Ont. 1906",9839,3,https://digitalarchive.mcmaster.ca/islandora/object/macrepo%3A45537
45538,"Stevensville, Ont. 1897",9839,3,https://digitalarchive.mcmaster.ca/islandora/object/macrepo%3A45538
45549,"St. George, Ont. 1894",9839,3,https://digitalarchive.mcmaster.ca/islandora/object/macrepo%3A45549
45551,"Wiarton, Ont. 1923",9839,3,https://digitalarchive.mcmaster.ca/islandora/object/macrepo%3A45551
45552,"Vienna, Ont. 1896",9839,3,https://digitalarchive.mcmaster.ca/islandora/object/macrepo%3A45552
45553,"Victoria Harbour, Ont. 1890",9839,3,https://digitalarchive.mcmaster.ca/islandora/object/macrepo%3A45553
45554,"St. Jacobs, Ont. 1904",9839,3,https://digitalarchive.mcmaster.ca/islandora/object/macrepo%3A45554
45562,"Yarker, Ont. 1904",9839,3,https://digitalarchive.mcmaster.ca/islandora/object/macrepo%3A45562
45563,"Wyoming, Ont. 1906",9839,3,https://digitalarchive.mcmaster.ca/islandora/object/macrepo%3A45563
45564,"Wroxeter, Ont. 1894",9839,3,https://digitalarchive.mcmaster.ca/islandora/object/macrepo%3A45564
45570,"Zurich, Ont. 1896",9839,3,https://digitalarchive.mcmaster.ca/islandora/object/macrepo%3A45570
45573,"Pontypool, Ont. 1904",9839,3,https://digitalarchive.mcmaster.ca/islandora/object/macrepo%3A45573
45577,"Schomberg, Ont. 1904",9839,3,https://digitalarchive.mcmaster.ca/islandora/object/macrepo%3A45577
45578,"Plantagenet, Ont. 1897",9839,3,https://digitalarchive.mcmaster.ca/islandora/object/macrepo%3A45578
46730,"Osnabruck, Ont. 1896",9839,3,https://digitalarchive.mcmaster.ca/islandora/object/macrepo%3A46730
48084,"France 1:250k Topographic Maps",32223,4,https://digitalarchive.mcmaster.ca/islandora/object/macrepo%3A48084
48086,"Italy Switzerland 1:250k Topographic Maps",32223,4,https://digitalarchive.mcmaster.ca/islandora/object/macrepo%3A48086
48681,"Saint-Pierre-les-Becquets, Québec 1897",9839,3,https://digitalarchive.mcmaster.ca/islandora/object/macrepo%3A48681
48683,"Wakefield, Québec 1897",9839,3,https://digitalarchive.mcmaster.ca/islandora/object/macrepo%3A48683
48687,"Africa, North 1:500k Topographic Maps",32223,4,https://digitalarchive.mcmaster.ca/islandora/object/macrepo%3A48687
49596,"Hamilton, Ont. 19th century maps & surveys",10,2,https://digitalarchive.mcmaster.ca/islandora/object/macrepo%3A49596
61441,"England & Wales 1:253k Topographic Maps",32223,4,https://digitalarchive.mcmaster.ca/islandora/object/macrepo%3A61441
61443,"England & Wales 1:63K Topographic Maps",32223,4,https://digitalarchive.mcmaster.ca/islandora/object/macrepo%3A61443
66498,"Preston, Ont. 1924",9839,3,https://digitalarchive.mcmaster.ca/islandora/object/macrepo%3A66498
66555,"Regular Series 1:10k (Chasseaud Collection)",34,3,https://digitalarchive.mcmaster.ca/islandora/object/macrepo%3A66555
66556,"Regular Series 1:20k (Chasseaud Collection)",34,3,https://digitalarchive.mcmaster.ca/islandora/object/macrepo%3A66556
66557,"Special Sheets 1:20k (Chasseaud Collection)",34,3,https://digitalarchive.mcmaster.ca/islandora/object/macrepo%3A66557
66558,"Special Sheets 1:40k to 1:250k (Chasseaud Collection)",34,3,https://digitalarchive.mcmaster.ca/islandora/object/macrepo%3A66558
66559,"Special Sheets 1:5k & 1:10k (Chasseaud Collection)",34,3,https://digitalarchive.mcmaster.ca/islandora/object/macrepo%3A66559
66578,"Scotland 1:253k Topographic Maps",32223,4,https://digitalarchive.mcmaster.ca/islandora/object/macrepo%3A66578
66579,"Scotland 1:63k Topographic Maps",32223,4,https://digitalarchive.mcmaster.ca/islandora/object/macrepo%3A66579
66580,"Bowmanville, Ont. 1924",9839,3,https://digitalarchive.mcmaster.ca/islandora/object/macrepo%3A66580
66581,"Burlington, Ont. 1924",9839,3,https://digitalarchive.mcmaster.ca/islandora/object/macrepo%3A66581
66648,"Korean War (1950-1953)",10,2,https://digitalarchive.mcmaster.ca/islandora/object/macrepo%3A66648
66649,"World War II (1939-1945)",10,2,https://digitalarchive.mcmaster.ca/islandora/object/macrepo%3A66649
66650,"Korean War Topographic Maps",66648,3,https://digitalarchive.mcmaster.ca/islandora/object/macrepo%3A66650
66651,"WWII Strategic Maps",66649,3,https://digitalarchive.mcmaster.ca/islandora/object/macrepo%3A66651
66652,"WWII Recreation Maps",66649,3,https://digitalarchive.mcmaster.ca/islandora/object/macrepo%3A66652
66659,"Hong Kong 1:20k Topographic Maps",32223,4,https://digitalarchive.mcmaster.ca/islandora/object/macrepo%3A66659
66660,"Italy 1:25k Topographic Maps",32223,4,https://digitalarchive.mcmaster.ca/islandora/object/macrepo%3A66660
67045,"Germany 1:25K Topographic Maps",32223,4,https://digitalarchive.mcmaster.ca/islandora/object/macrepo%3A67045
67046,"Levant 1:50K Topographic Maps",32223,4,https://digitalarchive.mcmaster.ca/islandora/object/macrepo%3A67046
67047,"Levant, South 1:50K Topographic Maps",32223,4,https://digitalarchive.mcmaster.ca/islandora/object/macrepo%3A67047
67048,"Borneo 1:200K Topographic Maps",32223,4,https://digitalarchive.mcmaster.ca/islandora/object/macrepo%3A67048
67049,"Borneo 1:250K Topographic Maps",32223,4,https://digitalarchive.mcmaster.ca/islandora/object/macrepo%3A67049
70033,"Russo-Japanese War (1904-1905)",10,2,https://digitalarchive.mcmaster.ca/islandora/object/macrepo%3A70033
70034,"Great Britain 1:500k Topographic Maps",32223,4,https://digitalarchive.mcmaster.ca/islandora/object/macrepo%3A70034
70035,"Great Britain 1:25k Topographic Maps",32223,4,https://digitalarchive.mcmaster.ca/islandora/object/macrepo%3A70035
70036,"Iceland 1:600k Topographic Maps",32223,4,https://digitalarchive.mcmaster.ca/islandora/object/macrepo%3A70036
70155,"Russia, Murmansk Region 1:100k",32223,4,https://digitalarchive.mcmaster.ca/islandora/object/macrepo%3A70155
70156,"Russia 1:1mil",32223,4,https://digitalarchive.mcmaster.ca/islandora/object/macrepo%3A70156
70157,"Asia 1:4mil Topographic Maps",32223,4,https://digitalarchive.mcmaster.ca/islandora/object/macrepo%3A70157
70212,"BEF Original Issue 100k Topographic Series",34,3,https://digitalarchive.mcmaster.ca/islandora/object/macrepo%3A70212
70472,"Europe 1:1mil Topographic Maps",32223,4,https://digitalarchive.mcmaster.ca/islandora/object/macrepo%3A70472
70474,"Europe 1:1mil, Great Britain Topographic Maps",32223,4,https://digitalarchive.mcmaster.ca/islandora/object/macrepo%3A70474
70475,"Europe 1:2mil Topographic Maps",32223,4,https://digitalarchive.mcmaster.ca/islandora/object/macrepo%3A70475
70476,"Europe 1:500k Topographic Maps",32223,4,https://digitalarchive.mcmaster.ca/islandora/object/macrepo%3A70476
70659,"France 1:250k, GSGS 2738",34,3,https://digitalarchive.mcmaster.ca/islandora/object/macrepo%3A70659
70660,"North West Europe 1:250k, GSGS 2733 & 2733b",34,3,https://digitalarchive.mcmaster.ca/islandora/object/macrepo%3A70660
70822,"WWII Canada, Training and Defence",66649,3,https://digitalarchive.mcmaster.ca/islandora/object/macrepo%3A70822
71369,"Hamilton Region, 20th century aerial photographs",10,2,https://digitalarchive.mcmaster.ca/islandora/object/macrepo%3A71369
71370,"1927 - Hamilton aerial photographs",71369,3,https://digitalarchive.mcmaster.ca/islandora/object/macrepo%3A71370
71371,"1950 - Dunnville aerial photographs",71369,3,https://digitalarchive.mcmaster.ca/islandora/object/macrepo%3A71371
71376,"1919 - Hamilton aerial photographs",71369,3,https://digitalarchive.mcmaster.ca/islandora/object/macrepo%3A71376
71378,"1953 - Hamilton-Burlington aerial photographs",71369,3,https://digitalarchive.mcmaster.ca/islandora/object/macrepo%3A71378
71395,"1955 - Hamilton aerial photographs",71369,3,https://digitalarchive.mcmaster.ca/islandora/object/macrepo%3A71395
71401,"1956 - Hamilton aerial photographs",71369,3,https://digitalarchive.mcmaster.ca/islandora/object/macrepo%3A71401
71535,"1934 - Greater Hamilton Area aerial photographs",71369,3,https://digitalarchive.mcmaster.ca/islandora/object/macrepo%3A71535
71536,"1943 - Hamilton aerial photographs",71369,3,https://digitalarchive.mcmaster.ca/islandora/object/macrepo%3A71536
71537,"1950 - Hamilton aerial photographs",71369,3,https://digitalarchive.mcmaster.ca/islandora/object/macrepo%3A71537
71538,"1951 - Hamilton aerial photographs",71369,3,https://digitalarchive.mcmaster.ca/islandora/object/macrepo%3A71538
71539,"1951-1952 - Brant, Waterloo, and Wentworth Counties aerial photographs",71369,3,https://digitalarchive.mcmaster.ca/islandora/object/macrepo%3A71539
71540,"1952 - Hamilton aerial photographs",71369,3,https://digitalarchive.mcmaster.ca/islandora/object/macrepo%3A71540
71541,"1954-1955 - Greater Hamilton Area aerial photographs",71369,3,https://digitalarchive.mcmaster.ca/islandora/object/macrepo%3A71541
71542,"1954 - Southern Ontario aerial photographs",71369,3,https://digitalarchive.mcmaster.ca/islandora/object/macrepo%3A71542
71544,"1958-1959 - Hamilton aerial photographs",71369,3,https://digitalarchive.mcmaster.ca/islandora/object/macrepo%3A71544
71545,"1959-1962 - Golden Horseshoe Area aerial photographs",71369,3,https://digitalarchive.mcmaster.ca/islandora/object/macrepo%3A71545
71546,"1960 - Greater Hamilton Area aerial photographs",71369,3,https://digitalarchive.mcmaster.ca/islandora/object/macrepo%3A71546
71547,"1961 - Hamilton aerial photographs",71369,3,https://digitalarchive.mcmaster.ca/islandora/object/macrepo%3A71547
71548,"1962-1963 - Hamilton to Mississauga aerial photographs",71369,3,https://digitalarchive.mcmaster.ca/islandora/object/macrepo%3A71548
71549,"1963 - Hamilton aerial photographs",71369,3,https://digitalarchive.mcmaster.ca/islandora/object/macrepo%3A71549
71550,"1964 - Hamilton aerial photographs",71369,3,https://digitalarchive.mcmaster.ca/islandora/object/macrepo%3A71550
71551,"1964 - Southern Ontario aerial photographs",71369,3,https://digitalarchive.mcmaster.ca/islandora/object/macrepo%3A71551
71552,"1965 - Hamilton aerial photographs",71369,3,https://digitalarchive.mcmaster.ca/islandora/object/macrepo%3A71552
71553,"1965 - Caledonia aerial photographs",71369,3,https://digitalarchive.mcmaster.ca/islandora/object/macrepo%3A71553
71554,"1966 - Hamilton aerial photographs",71369,3,https://digitalarchive.mcmaster.ca/islandora/object/macrepo%3A71554
71555,"1966 - Kitchener-Brantford aerial photographs",71369,3,https://digitalarchive.mcmaster.ca/islandora/object/macrepo%3A71555
71556,"1966 - Beamsville aerial photographs",71369,3,https://digitalarchive.mcmaster.ca/islandora/object/macrepo%3A71556
71557,"1967 - Hamilton-Burlington aerial photographs",71369,3,https://digitalarchive.mcmaster.ca/islandora/object/macrepo%3A71557
71559,"1969 - Hamilton aerial photographs",71369,3,https://digitalarchive.mcmaster.ca/islandora/object/macrepo%3A71559
71560,"1970 - Golden Horseshoe Area aerial photographs",71369,3,https://digitalarchive.mcmaster.ca/islandora/object/macrepo%3A71560
71721,"test",71369,3,https://digitalarchive.mcmaster.ca/islandora/object/macrepo%3A71721
74488,"Caledonia, Ont. 1925",9839,3,https://digitalarchive.mcmaster.ca/islandora/object/macrepo%3A74488
74920,"Other WWI Theatres of War",34,3,https://digitalarchive.mcmaster.ca/islandora/object/macrepo%3A74920
74921,"Turkey WWI",74920,4,https://digitalarchive.mcmaster.ca/islandora/object/macrepo%3A74921
74922,"Africa WWI",93905,3,https://digitalarchive.mcmaster.ca/islandora/object/macrepo%3A74922
74923,"Egypt WWI",74922,4,https://digitalarchive.mcmaster.ca/islandora/object/macrepo%3A74923
74924,"Balkans WWI",74920,4,https://digitalarchive.mcmaster.ca/islandora/object/macrepo%3A74924
74925,"Italy WWI",74920,4,https://digitalarchive.mcmaster.ca/islandora/object/macrepo%3A74925
74926,"Russia WWI",74920,4,https://digitalarchive.mcmaster.ca/islandora/object/macrepo%3A74926
74927,"German East Africa WWI",74922,4,https://digitalarchive.mcmaster.ca/islandora/object/macrepo%3A74927
74928,"Middle East WWI",93905,3,https://digitalarchive.mcmaster.ca/islandora/object/macrepo%3A74928
74929,"Gallipoli 1:20k series",74921,5,https://digitalarchive.mcmaster.ca/islandora/object/macrepo%3A74929
74930,"Syria 1:250k series",74928,4,https://digitalarchive.mcmaster.ca/islandora/object/macrepo%3A74930
74931,"Palestine 1:40k series",74928,4,https://digitalarchive.mcmaster.ca/islandora/object/macrepo%3A74931
74932,"Palestine 1:20k series",74928,4,https://digitalarchive.mcmaster.ca/islandora/object/macrepo%3A74932
74933,"British East Africa 1:250k series WWI",74922,4,https://digitalarchive.mcmaster.ca/islandora/object/macrepo%3A74933
74935,"German Maps",34,3,https://digitalarchive.mcmaster.ca/islandora/object/macrepo%3A74935
74936,"Railway and Ammunition Dump Maps",34,3,https://digitalarchive.mcmaster.ca/islandora/object/macrepo%3A74936
74938,"Training Area Maps",34,3,https://digitalarchive.mcmaster.ca/islandora/object/macrepo%3A74938
74939,"Enemy Organisation Maps",34,3,https://digitalarchive.mcmaster.ca/islandora/object/macrepo%3A74939
74940,"Enemy Order of Battle Maps",34,3,https://digitalarchive.mcmaster.ca/islandora/object/macrepo%3A74940
74941,"French Maps",34,3,https://digitalarchive.mcmaster.ca/islandora/object/macrepo%3A74941
74943,"Regular Series 1:20k (Original Collection)",34,3,https://digitalarchive.mcmaster.ca/islandora/object/macrepo%3A74943
74944,"Regular Series 1:40k (Original Collection)",34,3,https://digitalarchive.mcmaster.ca/islandora/object/macrepo%3A74944
74945,"Regular Series 1:10k (Original Collection)",34,3,https://digitalarchive.mcmaster.ca/islandora/object/macrepo%3A74945
75083,"Sun Prints",34,3,https://digitalarchive.mcmaster.ca/islandora/object/macrepo%3A75083
75086,"B Series Maps",34,3,https://digitalarchive.mcmaster.ca/islandora/object/macrepo%3A75086
75096,"Traffic Maps",34,3,https://digitalarchive.mcmaster.ca/islandora/object/macrepo%3A75096
75195,"Manuscript Maps",34,3,https://digitalarchive.mcmaster.ca/islandora/object/macrepo%3A75195
75202,"Special Sheets (Original Collection)",34,3,https://digitalarchive.mcmaster.ca/islandora/object/macrepo%3A75202
75209,"Enemy Battery Positions Maps",34,3,https://digitalarchive.mcmaster.ca/islandora/object/macrepo%3A75209
75214,"Commercial Newspaper Maps",34,3,https://digitalarchive.mcmaster.ca/islandora/object/macrepo%3A75214
75215,"Belgian Maps (pre-war)",34,3,https://digitalarchive.mcmaster.ca/islandora/object/macrepo%3A75215
75436,"Signals-Communications Maps",34,3,https://digitalarchive.mcmaster.ca/islandora/object/macrepo%3A75436
75437,"Billeting Area Maps",34,3,https://digitalarchive.mcmaster.ca/islandora/object/macrepo%3A75437
75438,"Water Supply Maps",34,3,https://digitalarchive.mcmaster.ca/islandora/object/macrepo%3A75438
75439,"Bridge Strength Maps",34,3,https://digitalarchive.mcmaster.ca/islandora/object/macrepo%3A75439
75442,"Skeleton Maps",34,3,https://digitalarchive.mcmaster.ca/islandora/object/macrepo%3A75442
75443,"Aerodromes and Hospitals",34,3,https://digitalarchive.mcmaster.ca/islandora/object/macrepo%3A75443
75444,"Barrage Maps and Battle Plans",34,3,https://digitalarchive.mcmaster.ca/islandora/object/macrepo%3A75444
75447,"Zones of Defence",34,3,https://digitalarchive.mcmaster.ca/islandora/object/macrepo%3A75447
75555,"WWII Aeronautical Charts",66649,3,https://digitalarchive.mcmaster.ca/islandora/object/macrepo%3A75555
75556,"World 1:1mil AAF Aeronautical Charts",75555,4,https://digitalarchive.mcmaster.ca/islandora/object/macrepo%3A75556
75725,"Fonthill, Ont. 1925",9839,3,https://digitalarchive.mcmaster.ca/islandora/object/macrepo%3A75725
75795,"Mildmay, Ont. 1925",9839,3,https://digitalarchive.mcmaster.ca/islandora/object/macrepo%3A75795
76323,"Tara, Ont. 1926",9839,3,https://digitalarchive.mcmaster.ca/islandora/object/macrepo%3A76323
76326,"Stratford, Ont. 1925",9839,3,https://digitalarchive.mcmaster.ca/islandora/object/macrepo%3A76326
77230,"1963 - Dundas aerial photographs",71369,3,https://digitalarchive.mcmaster.ca/islandora/object/macrepo%3A77230
77266,"Cuban War of Independence (1895-1898)",92968,3,https://digitalarchive.mcmaster.ca/islandora/object/macrepo%3A77266
77268,"War map of Cuba, the World, and the West Indies (3 maps on 1 sheet)",77266,4,https://digitalarchive.mcmaster.ca/islandora/object/macrepo%3A77268
77271,"Stuart, Harold Brownlee (1889-1946)",10,2,https://digitalarchive.mcmaster.ca/islandora/object/macrepo%3A77271
77283,"Honourable Robert Edward Clifford, 1767-1817 (RMC)",10,2,https://digitalarchive.mcmaster.ca/islandora/object/macrepo%3A77283
77662,"Podrobnaja karta Rossijskoj Imperīi... (1 map on 15 sheets)",82389,4,https://digitalarchive.mcmaster.ca/islandora/object/macrepo%3A77662
77663,"Kriegs Theater der Teutschen und Franzoesischen... (1 map in 6 parts)",77283,3,https://digitalarchive.mcmaster.ca/islandora/object/macrepo%3A77663
77664,"Exactissima statuum totius ducatus Bavariae... (1 map in 9 parts)",77283,3,https://digitalarchive.mcmaster.ca/islandora/object/macrepo%3A77664
77665,"Carte chorographique des Pays-Bas Autrichiens (1 map on 12 sheets, orignally 25 sheets)",77283,3,https://digitalarchive.mcmaster.ca/islandora/object/macrepo%3A77665
77666,"Carte contenant l'etendue ... de Perpignan... (1 map on 6 sheets)",77283,3,https://digitalarchive.mcmaster.ca/islandora/object/macrepo%3A77666
77667,"Carte de France (1 map on 180 sheets)",77283,3,https://digitalarchive.mcmaster.ca/islandora/object/macrepo%3A77667
79183,"Carte politique, routiere et statistique de l’Europe d’après les derniers traités (4 sheets)",92935,4,https://digitalarchive.mcmaster.ca/islandora/object/macrepo%3A79183
79185,"Map exhibiting the great post roads, physical and political divisions of Europe... (4 sheets)",92935,4,https://digitalarchive.mcmaster.ca/islandora/object/macrepo%3A79185
79186,"Laurie and Whittle's new chart of the Mediterranean Sea... (2 sheets)",92980,5,https://digitalarchive.mcmaster.ca/islandora/object/macrepo%3A79186
79187,"Cary's new map of England and Wales...  (3 sheets)",92929,5,https://digitalarchive.mcmaster.ca/islandora/object/macrepo%3A79187
79188,"A map of the country sixty five miles round London (10 sheets)",92929,5,https://digitalarchive.mcmaster.ca/islandora/object/macrepo%3A79188
79194,"Partis Americæ (2 views)",92991,5,https://digitalarchive.mcmaster.ca/islandora/object/macrepo%3A79194
79477,"America Meridionale [3 globe gores], Vincenzo Coronelli",92927,4,https://digitalarchive.mcmaster.ca/islandora/object/macrepo%3A79477
79485,"Map of North America exhibiting the recent discoveries, geographical and nautical (7 sheets)",92926,4,https://digitalarchive.mcmaster.ca/islandora/object/macrepo%3A79485
80900,"Plan of the Cities of london and Westminster the borough of Southwark, and parts adjoining shewing every house (8 sheets)",92933,7,https://digitalarchive.mcmaster.ca/islandora/object/macrepo%3A80900
80901,"Cary's new and accurate plan of London and Westminster, the borough of Southwark and parts adjacent... (4 sheets)",92933,7,https://digitalarchive.mcmaster.ca/islandora/object/macrepo%3A80901
80904,"Map of Scotland constructed from original materials obtained under the authority of the Parliamentary Commissioners... (4 sheets",92999,6,https://digitalarchive.mcmaster.ca/islandora/object/macrepo%3A80904
80906,"Scotland drawn and engrav'd from a series of angles and astronomical observations (2 sheets)",92999,6,https://digitalarchive.mcmaster.ca/islandora/object/macrepo%3A80906
80981,"Madeira and Canary Islands / Benedetto Bordon (2 maps on 1 sheet)",92949,5,https://digitalarchive.mcmaster.ca/islandora/object/macrepo%3A80981
81030,"Mexicvm (1 map on 4 sheets) / Giovanni Battista Nicolosi",92926,4,https://digitalarchive.mcmaster.ca/islandora/object/macrepo%3A81030
81038,"Cold War (1945-1989)",10,2,https://digitalarchive.mcmaster.ca/islandora/object/macrepo%3A81038
81039,"Canadian Military Town Plans",81038,3,https://digitalarchive.mcmaster.ca/islandora/object/macrepo%3A81039
81116,"Klondike Gold Rush and Alaskan Border Dispute",92947,2,https://digitalarchive.mcmaster.ca/islandora/object/macrepo%3A81116
81117,"Mountain Photo-topography Maps",92947,5,https://digitalarchive.mcmaster.ca/islandora/object/macrepo%3A81117
81118,"Topographical Survey of the Rocky Mountains (1887)",81117,6,https://digitalarchive.mcmaster.ca/islandora/object/macrepo%3A81118
81130,"Yukon Map 1898 on 10 sheets",81116,3,https://digitalarchive.mcmaster.ca/islandora/object/macrepo%3A81130
81131,"McMaster University campus maps and air photos",10,2,https://digitalarchive.mcmaster.ca/islandora/object/macrepo%3A81131
81132,"McMaster campus maps",81131,3,https://digitalarchive.mcmaster.ca/islandora/object/macrepo%3A81132
81133,"McMaster campus air photos",81131,3,https://digitalarchive.mcmaster.ca/islandora/object/macrepo%3A81133
81142,"Southern Ontario, 20th century aerial photographs",10,2,https://digitalarchive.mcmaster.ca/islandora/object/macrepo%3A81142
81143,"1966 - Bruce Peninsula aerial photographs",81142,3,https://digitalarchive.mcmaster.ca/islandora/object/macrepo%3A81143
81144,"1974 - Bruce Peninsula aerial photographs",81142,3,https://digitalarchive.mcmaster.ca/islandora/object/macrepo%3A81144
81145,"1964 - Caledon Area aerial photographs (Halton / Peel Regions)",81142,3,https://digitalarchive.mcmaster.ca/islandora/object/macrepo%3A81145
81146,"1969 - Caledon Area aerial photographs (Halton / Peel Regions)",81142,3,https://digitalarchive.mcmaster.ca/islandora/object/macrepo%3A81146
81147,"1977 - Caledon Area aerial photographs (Halton / Peel Regions)",81142,3,https://digitalarchive.mcmaster.ca/islandora/object/macrepo%3A81147
81148,"1948 - North Bay Region aerial photographs",81142,3,https://digitalarchive.mcmaster.ca/islandora/object/macrepo%3A81148
81149,"1950 - Rondeau Provincial Park aerial photographs",81142,3,https://digitalarchive.mcmaster.ca/islandora/object/macrepo%3A81149
81150,"1955 - Simcoe - Delhi aerial photographs (Norfolk County)",81142,3,https://digitalarchive.mcmaster.ca/islandora/object/macrepo%3A81150
81206,"Dispatch atlas. North America (1 map on 2 sheets)",92926,4,https://digitalarchive.mcmaster.ca/islandora/object/macrepo%3A81206
81255,"Tunison's Canada (3 maps on 1 sheet)",92947,5,https://digitalarchive.mcmaster.ca/islandora/object/macrepo%3A81255
81259,"Burlington Cemetery gatehouse [architectural plans]",49596,3,https://digitalarchive.mcmaster.ca/islandora/object/macrepo%3A81259
81260,"Design for a gate lodge Burlington Cemetery [set of architectural plans]",81259,4,https://digitalarchive.mcmaster.ca/islandora/object/macrepo%3A81260
81261,"Plan of parks survey upon lot no. 9 in First Concession of the Township of Barton [1 map in 4 segments]",49596,3,https://digitalarchive.mcmaster.ca/islandora/object/macrepo%3A81261
81262,"American Revolution, 1775-1783 (RMC)",10,2,https://digitalarchive.mcmaster.ca/islandora/object/macrepo%3A81262
81263,"Maps of the expedition from Canada of Gen. Burgoyne [collection of 6 maps]",81262,3,https://digitalarchive.mcmaster.ca/islandora/object/macrepo%3A81263
81264,"Plan of the encampment and position of the army ... at Braemus Heights [map 5; 2 image files]",81263,4,https://digitalarchive.mcmaster.ca/islandora/object/macrepo%3A81264
81265,"An exact chart of the River St. Laurence... by Thomas Jefferys (1 map on 2 sheets)",92959,6,https://digitalarchive.mcmaster.ca/islandora/object/macrepo%3A81265
81267,"France: Aeronautique Militaire",53,4,https://digitalarchive.mcmaster.ca/islandora/object/macrepo%3A81267
81268,"Allied Occupation of the Rhineland, 1919",53,4,https://digitalarchive.mcmaster.ca/islandora/object/macrepo%3A81268
81269,"Brighton, Ont. 1926",9839,3,https://digitalarchive.mcmaster.ca/islandora/object/macrepo%3A81269
81271,"Macmillan Collection",10,2,https://digitalarchive.mcmaster.ca/islandora/object/macrepo%3A81271
81273,"Crystal Beach, Ont. 1927",9839,3,https://digitalarchive.mcmaster.ca/islandora/object/macrepo%3A81273
81275,"Map of the Province of Ontario ; District of Nippissing ; Eastern part of Algoma District (3 maps on 1 sheet)",92979,6,https://digitalarchive.mcmaster.ca/islandora/object/macrepo%3A81275
81291,"City of Montreal and suburbs ; Atlas of the Dominion Counties ... Province of Ontario (3 maps on 1 sheet)",92978,6,https://digitalarchive.mcmaster.ca/islandora/object/macrepo%3A81291
81294,"Milton, Ont. 1927",9839,3,https://digitalarchive.mcmaster.ca/islandora/object/macrepo%3A81294
81326,"War of the Austrian Succession, 1740-1748, Military Camps (set of 20 maps with supplements)",77283,3,https://digitalarchive.mcmaster.ca/islandora/object/macrepo%3A81326
81412,"Map of the provinces of Canada (1 map on 6 sheets) / Joseph Bouchette",92979,6,https://digitalarchive.mcmaster.ca/islandora/object/macrepo%3A81412
81431,"London 1666 / plans of John Evelyn and Christopher Wren (4 maps on 2 sheets)",92933,7,https://digitalarchive.mcmaster.ca/islandora/object/macrepo%3A81431
81441,"Carte des royaumes d'Espagne et de Portugal / par L. Vivien (1 map on 8 sheets)",92949,5,https://digitalarchive.mcmaster.ca/islandora/object/macrepo%3A81441
81450,"Precis historique des opérations de l'armée française en Espagne... (accompanying text on 4 sheets)",81441,6,https://digitalarchive.mcmaster.ca/islandora/object/macrepo%3A81450
81515,"Colton's map of the world on Mercator's projection ; Western Hemisphere (2 maps on 1 sheet)",92934,4,https://digitalarchive.mcmaster.ca/islandora/object/macrepo%3A81515
81535,"Karte derer englischen Unternehmungen zur See auf denen französischen Küsten... [Anglo-French War, 1755-1763] / Christian Friederich van der Heyden",92969,4,https://digitalarchive.mcmaster.ca/islandora/object/macrepo%3A81535
81543,"Ce plan de la bataille de Tonhausen près de Minden... (map with 2 overlays) / par Guilme. Roy",92941,5,https://digitalarchive.mcmaster.ca/islandora/object/macrepo%3A81543
81551,"Dominion of Canada... ; Map of the United States / published by Geo. F. Cram (2 maps on 1 sheet)",92926,4,https://digitalarchive.mcmaster.ca/islandora/object/macrepo%3A81551
81560,"Maps from W.H. Smith, Canada: Past, Present and Future ... Containing Ten Maps, and One General Map of the Province... [1850-2]",92978,6,https://digitalarchive.mcmaster.ca/islandora/object/macrepo%3A81560
81573,"[Atlas des Pays Bas / sur la copie de Bruxelles par E.H. Fricx, 1745] - set of 24 maps",92943,5,https://digitalarchive.mcmaster.ca/islandora/object/macrepo%3A81573
81804,"1967 - Hamilton aerial photographs",71369,3,https://digitalarchive.mcmaster.ca/islandora/object/macrepo%3A81804
81912,"Topographical map of the districts of Quebec, Three Rivers, St. Francis and Gaspé, Lower Canada... (1 map on 6 sheets) ",92726,6,https://digitalarchive.mcmaster.ca/islandora/object/macrepo%3A81912
81951,"Ontario lake maps",10,2,https://digitalarchive.mcmaster.ca/islandora/object/macrepo%3A81951
82206,"A new map of the whole continent of America, divided into North and South and West Indies (1 map on 2 sheets)",92925,4,https://digitalarchive.mcmaster.ca/islandora/object/macrepo%3A82206
82247,"AAF Cloth Charts",75555,4,https://digitalarchive.mcmaster.ca/islandora/object/macrepo%3A82247
82248,"October Crisis (1970)",10,2,https://digitalarchive.mcmaster.ca/islandora/object/macrepo%3A82248
82336,"Federal Emergency Measures Organization",81038,3,https://digitalarchive.mcmaster.ca/islandora/object/macrepo%3A82336
82337,"EMO Urban Analysis Series Toronto",82336,4,https://digitalarchive.mcmaster.ca/islandora/object/macrepo%3A82337
82338,"EMO Urban Analysis Series Vancouver",82336,4,https://digitalarchive.mcmaster.ca/islandora/object/macrepo%3A82338
82339,"Turkey 1:200k Topographic Maps",32223,4,https://digitalarchive.mcmaster.ca/islandora/object/macrepo%3A82339
82387,"Peninsular War, 1807-1814",77283,3,https://digitalarchive.mcmaster.ca/islandora/object/macrepo%3A82387
82388,"Egyptian and Syrian Campaign, 1798-1801",77283,3,https://digitalarchive.mcmaster.ca/islandora/object/macrepo%3A82388
82389,"Russian Empire",77283,3,https://digitalarchive.mcmaster.ca/islandora/object/macrepo%3A82389
82390,"Italian Campaigns",77283,3,https://digitalarchive.mcmaster.ca/islandora/object/macrepo%3A82390
82391,"Battle of Waterloo, June 18th, 1815",77283,3,https://digitalarchive.mcmaster.ca/islandora/object/macrepo%3A82391
82392,"City View and Plan, Inset Maps (set of 48)",77283,3,https://digitalarchive.mcmaster.ca/islandora/object/macrepo%3A82392
82393,"Atlas von Liefland oder von den beyden Gouvernementer und Herzogthümern Lief-und Ehstland und der Provinz Oesel...[13 atlas plates]",77283,3,https://digitalarchive.mcmaster.ca/islandora/object/macrepo%3A82393
82394,"City Fortifications and Environs",77283,3,https://digitalarchive.mcmaster.ca/islandora/object/macrepo%3A82394
82395,"Lauterbourg and Lauter-line (defended border of France)",77283,3,https://digitalarchive.mcmaster.ca/islandora/object/macrepo%3A82395
82396,"Metz",82394,4,https://digitalarchive.mcmaster.ca/islandora/object/macrepo%3A82396
82397,"Luxembourg",82394,4,https://digitalarchive.mcmaster.ca/islandora/object/macrepo%3A82397
82398,"Tournay",82394,4,https://digitalarchive.mcmaster.ca/islandora/object/macrepo%3A82398
82399,"Mastricht",82394,4,https://digitalarchive.mcmaster.ca/islandora/object/macrepo%3A82399
82400,"Nancy",82394,4,https://digitalarchive.mcmaster.ca/islandora/object/macrepo%3A82400
82401,"Namur",82394,4,https://digitalarchive.mcmaster.ca/islandora/object/macrepo%3A82401
82402,"Carte des Bords du Rhin",77283,3,https://digitalarchive.mcmaster.ca/islandora/object/macrepo%3A82402
82403,"Menin",82394,4,https://digitalarchive.mcmaster.ca/islandora/object/macrepo%3A82403
82408,"Map of the Russian Dominions in Europe (1814) by John Cary [1 map on 4 sheets]",82389,4,https://digitalarchive.mcmaster.ca/islandora/object/macrepo%3A82408
84411,"Italy 1:50k Topographic Maps",32223,4,https://digitalarchive.mcmaster.ca/islandora/object/macrepo%3A84411
85260,"Hamilton, Ont. 1947",9839,3,https://digitalarchive.mcmaster.ca/islandora/object/macrepo%3A85260
85261,"Hamilton, Ont. 1960s",9839,3,https://digitalarchive.mcmaster.ca/islandora/object/macrepo%3A85261
85272,"Town Plans",34,3,https://digitalarchive.mcmaster.ca/islandora/object/macrepo%3A85272
85273,"Canadian Corps Intelligence Log Maps",34,3,https://digitalarchive.mcmaster.ca/islandora/object/macrepo%3A85273
85274,"Message Maps",34,3,https://digitalarchive.mcmaster.ca/islandora/object/macrepo%3A85274
85275,"Soil Going Maps for Tanks",34,3,https://digitalarchive.mcmaster.ca/islandora/object/macrepo%3A85275
85276,"Situation Maps",34,3,https://digitalarchive.mcmaster.ca/islandora/object/macrepo%3A85276
85277,"HQ and Military Camp Maps",34,3,https://digitalarchive.mcmaster.ca/islandora/object/macrepo%3A85277
85278,"Friendly Organisation Maps",34,3,https://digitalarchive.mcmaster.ca/islandora/object/macrepo%3A85278
85279,"Royal Naval Air Service (RNAS) Flying Maps",34,3,https://digitalarchive.mcmaster.ca/islandora/object/macrepo%3A85279
85280,"Enemy Target Maps",34,3,https://digitalarchive.mcmaster.ca/islandora/object/macrepo%3A85280
85281,"Intelligence Summary Maps",34,3,https://digitalarchive.mcmaster.ca/islandora/object/macrepo%3A85281
85282,"Europe, Central 1:25k Topographic Maps",32223,4,https://digitalarchive.mcmaster.ca/islandora/object/macrepo%3A85282
86541,"Carte de la Moldavie [1 map on 2 sheets]",77283,3,https://digitalarchive.mcmaster.ca/islandora/object/macrepo%3A86541
86557,"Galt, Ont. 1929",9839,3,https://digitalarchive.mcmaster.ca/islandora/object/macrepo%3A86557
86558,"Grimsby, Ont. 1928",9839,3,https://digitalarchive.mcmaster.ca/islandora/object/macrepo%3A86558
86559,"Port Elgin, Ont. 1928",9839,3,https://digitalarchive.mcmaster.ca/islandora/object/macrepo%3A86559
86561,"Southampton, Ont. 1928",9839,3,https://digitalarchive.mcmaster.ca/islandora/object/macrepo%3A86561
86603,"WWII Defence Overprints",66649,3,https://digitalarchive.mcmaster.ca/islandora/object/macrepo%3A86603
86604,"Azores 1:100k Topographic Maps",32223,4,https://digitalarchive.mcmaster.ca/islandora/object/macrepo%3A86604
86608,"WWII BIGOT maps",66649,3,https://digitalarchive.mcmaster.ca/islandora/object/macrepo%3A86608
86625,"Ordnance Survey Maps",77283,3,https://digitalarchive.mcmaster.ca/islandora/object/macrepo%3A86625
86715,"Rhineland Campaign",86603,4,https://digitalarchive.mcmaster.ca/islandora/object/macrepo%3A86715
86716,"Operation Overlord",86603,4,https://digitalarchive.mcmaster.ca/islandora/object/macrepo%3A86716
86717,"Scheldt Campaign",86603,4,https://digitalarchive.mcmaster.ca/islandora/object/macrepo%3A86717
86718,"Dieppe Raid",86603,4,https://digitalarchive.mcmaster.ca/islandora/object/macrepo%3A86718
86719,"Italian Campaign",86603,4,https://digitalarchive.mcmaster.ca/islandora/object/macrepo%3A86719
86721,"Liberation of the Netherlands",86603,4,https://digitalarchive.mcmaster.ca/islandora/object/macrepo%3A86721
86722,"Calais (Operation Undergo), September 1944",86603,4,https://digitalarchive.mcmaster.ca/islandora/object/macrepo%3A86722
86723,"Germany, 1945",86603,4,https://digitalarchive.mcmaster.ca/islandora/object/macrepo%3A86723
86724,"Going (Cross-Country Traffic-ability Maps)",86603,4,https://digitalarchive.mcmaster.ca/islandora/object/macrepo%3A86724
86725,"Flooding Overprints",86603,4,https://digitalarchive.mcmaster.ca/islandora/object/macrepo%3A86725
87185,"Bomber Charts, Gordon Griffith Archive",75555,4,https://digitalarchive.mcmaster.ca/islandora/object/macrepo%3A87185
87187,"""Gee"" Lattice Topographical Charts",87185,5,https://digitalarchive.mcmaster.ca/islandora/object/macrepo%3A87187
87189,"Plotting Charts",87185,5,https://digitalarchive.mcmaster.ca/islandora/object/macrepo%3A87189
87191,"Aeronautical Charts",87185,5,https://digitalarchive.mcmaster.ca/islandora/object/macrepo%3A87191
87203,"Plotting (Radar) Charts",87185,5,https://digitalarchive.mcmaster.ca/islandora/object/macrepo%3A87203
87205,"""Gee"" Fixing (Lattice) Charts",87185,5,https://digitalarchive.mcmaster.ca/islandora/object/macrepo%3A87205
87218,"Topographic (Standard 1 inch to a mile)",87185,5,https://digitalarchive.mcmaster.ca/islandora/object/macrepo%3A87218
87273,"Vietnam War (1961-1975)",10,2,https://digitalarchive.mcmaster.ca/islandora/object/macrepo%3A87273
87275,"Vietnam 1:500,000 Topographic Maps",87273,3,https://digitalarchive.mcmaster.ca/islandora/object/macrepo%3A87275
87277,"Vietnam City Maps",87273,3,https://digitalarchive.mcmaster.ca/islandora/object/macrepo%3A87277
87640,"WWII City Plans",66649,3,https://digitalarchive.mcmaster.ca/islandora/object/macrepo%3A87640
87641,"Japan City Plans 1:12,500",87640,4,https://digitalarchive.mcmaster.ca/islandora/object/macrepo%3A87641
87642,"Ontario Historical Topographic Maps, 1 inch to 1 mile (1:63360)",10,2,https://digitalarchive.mcmaster.ca/islandora/object/macrepo%3A87642
87645,"Training Charts",87185,5,https://digitalarchive.mcmaster.ca/islandora/object/macrepo%3A87645
88309,"Fergus, Ont. 1921",9839,3,https://digitalarchive.mcmaster.ca/islandora/object/macrepo%3A88309
88343,"Ontario Historical Topographic Maps, 1:25000",10,2,https://digitalarchive.mcmaster.ca/islandora/object/macrepo%3A88343
88592,"WWII Geologic Maps",66649,3,https://digitalarchive.mcmaster.ca/islandora/object/macrepo%3A88592
88593,"France 1:80k Geologic Maps",88592,4,https://digitalarchive.mcmaster.ca/islandora/object/macrepo%3A88593
88988,"France 1:50k Topographic Maps",32223,4,https://digitalarchive.mcmaster.ca/islandora/object/macrepo%3A88988
88989,"France and Belgium 1:50k Topographic Maps",32223,4,https://digitalarchive.mcmaster.ca/islandora/object/macrepo%3A88989
88990,"Exploration and Fur Trade",10,2,https://digitalarchive.mcmaster.ca/islandora/object/macrepo%3A88990
88992,"Crete 50k Topograhic Maps",32223,4,https://digitalarchive.mcmaster.ca/islandora/object/macrepo%3A88992
91078,"Cambodia City Maps",87273,3,https://digitalarchive.mcmaster.ca/islandora/object/macrepo%3A91078
91319,"WWII Escape and Evasion Maps",66649,3,https://digitalarchive.mcmaster.ca/islandora/object/macrepo%3A91319
91371,"Map K3/H2 (double-sided)",91319,4,https://digitalarchive.mcmaster.ca/islandora/object/macrepo%3A91371
91374,"Laos City Maps",87273,3,https://digitalarchive.mcmaster.ca/islandora/object/macrepo%3A91374
91914,"Boer War (1899-1902)",10,2,https://digitalarchive.mcmaster.ca/islandora/object/macrepo%3A91914
91920,"Cold War Germany",81038,3,https://digitalarchive.mcmaster.ca/islandora/object/macrepo%3A91920
91923,"Cold War Africa",81038,3,https://digitalarchive.mcmaster.ca/islandora/object/macrepo%3A91923
91926,"USSR 1:100K Topographic Maps",32223,4,https://digitalarchive.mcmaster.ca/islandora/object/macrepo%3A91926
91927,"Alexander Mackenzie, 1764-1820",88990,3,https://digitalarchive.mcmaster.ca/islandora/object/macrepo%3A91927
91928,"George Back, 1796-1878",91937,3,https://digitalarchive.mcmaster.ca/islandora/object/macrepo%3A91928
91929,"Peter Pond, 1739-1807",88990,3,https://digitalarchive.mcmaster.ca/islandora/object/macrepo%3A91929
91930,"Samuel de Champlain, 1567-1635",88990,3,https://digitalarchive.mcmaster.ca/islandora/object/macrepo%3A91930
91931,"James Cook, 1728-1779",88990,3,https://digitalarchive.mcmaster.ca/islandora/object/macrepo%3A91931
91932,"John Franklin, 1786-1847",91937,3,https://digitalarchive.mcmaster.ca/islandora/object/macrepo%3A91932
91933,"Baron de Lahontan, 1666-1716",88990,3,https://digitalarchive.mcmaster.ca/islandora/object/macrepo%3A91933
91934,"Cold War Afghanistan",81038,3,https://digitalarchive.mcmaster.ca/islandora/object/macrepo%3A91934
91935,"Hudson Bay",92926,3,https://digitalarchive.mcmaster.ca/islandora/object/macrepo%3A91935
91936,"Great Lakes Region (RMC)",88990,3,https://digitalarchive.mcmaster.ca/islandora/object/macrepo%3A91936
91937,"Arctic and Northwest Passage",88990,3,https://digitalarchive.mcmaster.ca/islandora/object/macrepo%3A91937
91938,"Canada, East",92947,5,https://digitalarchive.mcmaster.ca/islandora/object/macrepo%3A91938
91939,"Hudson's Bay Company",88990,3,https://digitalarchive.mcmaster.ca/islandora/object/macrepo%3A91939
91941,"WWII Ethnology Maps",66649,3,https://digitalarchive.mcmaster.ca/islandora/object/macrepo%3A91941
91952,"St. Thomas, Ont. 1929",9839,3,https://digitalarchive.mcmaster.ca/islandora/object/macrepo%3A91952
91960,"Planetary Mapping",10,2,https://digitalarchive.mcmaster.ca/islandora/object/macrepo%3A91960
91961,"Lunar Mapping",91960,3,https://digitalarchive.mcmaster.ca/islandora/object/macrepo%3A91961
91962,"Geologic Atlas of the Moon (1962-1976)",91961,4,https://digitalarchive.mcmaster.ca/islandora/object/macrepo%3A91962
91963,"Apollo Landing Sites",91962,5,https://digitalarchive.mcmaster.ca/islandora/object/macrepo%3A91963
91981,"Dawson, Robert Kearsley (1798-1861)",92929,5,https://digitalarchive.mcmaster.ca/islandora/object/macrepo%3A91981
91982,"Plans of the Cities and Boroughs of England and Wales (1832)",91981,6,https://digitalarchive.mcmaster.ca/islandora/object/macrepo%3A91982
91984,"Soviet Occupation of Afghanistan (1979-1989)",91934,4,https://digitalarchive.mcmaster.ca/islandora/object/macrepo%3A91984
91992,"Exploration Routes",88990,3,https://digitalarchive.mcmaster.ca/islandora/object/macrepo%3A91992
92021,"Asia 1:1mil Topographic Maps",32223,4,https://digitalarchive.mcmaster.ca/islandora/object/macrepo%3A92021
92022,"Asia 1:500k Topographic Maps",32223,4,https://digitalarchive.mcmaster.ca/islandora/object/macrepo%3A92022
92024,"WWII Hydrographic Charts",66649,3,https://digitalarchive.mcmaster.ca/islandora/object/macrepo%3A92024
92025,"WWII British Admiralty Charts CWHM",92024,4,https://digitalarchive.mcmaster.ca/islandora/object/macrepo%3A92025
92029,"World 1:1mil AAF Aeronautical Charts CWHM",75555,4,https://digitalarchive.mcmaster.ca/islandora/object/macrepo%3A92029
92034,"Ceylon",32223,4,https://digitalarchive.mcmaster.ca/islandora/object/macrepo%3A92034
92036,"World 1:3mil Long Range Aeronautical Charts CWHM",75555,4,https://digitalarchive.mcmaster.ca/islandora/object/macrepo%3A92036
92065,"Norway South 1943 Road Map",32223,4,https://digitalarchive.mcmaster.ca/islandora/object/macrepo%3A92065
92070,"WWII Land Classification Maps",66649,3,https://digitalarchive.mcmaster.ca/islandora/object/macrepo%3A92070
92336,"WWII Air Photo Interpretation",66649,3,https://digitalarchive.mcmaster.ca/islandora/object/macrepo%3A92336
92389,"Jacques Cartier, 1491-1557",88990,3,https://digitalarchive.mcmaster.ca/islandora/object/macrepo%3A92389
92648,"Apollo Pre-Mission Maps",91962,5,https://digitalarchive.mcmaster.ca/islandora/object/macrepo%3A92648
92664,"1:5,000,000 Sides of the Moon",91962,5,https://digitalarchive.mcmaster.ca/islandora/object/macrepo%3A92664
92668,"US Navy Air Navigation Charts",81038,3,https://digitalarchive.mcmaster.ca/islandora/object/macrepo%3A92668
92669,"Mars Mapping",91960,3,https://digitalarchive.mcmaster.ca/islandora/object/macrepo%3A92669
92673,"County Maps of England (RMC)",92929,5,https://digitalarchive.mcmaster.ca/islandora/object/macrepo%3A92673
92674,"Cumberland",92673,6,https://digitalarchive.mcmaster.ca/islandora/object/macrepo%3A92674
92675,"County Maps of Ireland",92940,5,https://digitalarchive.mcmaster.ca/islandora/object/macrepo%3A92675
92676,"County Maps of Wales (RMC)",92929,5,https://digitalarchive.mcmaster.ca/islandora/object/macrepo%3A92676
92680,"Devon",92673,6,https://digitalarchive.mcmaster.ca/islandora/object/macrepo%3A92680
92681,"Middlesex",92673,6,https://digitalarchive.mcmaster.ca/islandora/object/macrepo%3A92681
92682,"Kent",92673,6,https://digitalarchive.mcmaster.ca/islandora/object/macrepo%3A92682
92683,"Warwickshire",92673,6,https://digitalarchive.mcmaster.ca/islandora/object/macrepo%3A92683
92684,"Wiltshire",92673,6,https://digitalarchive.mcmaster.ca/islandora/object/macrepo%3A92684
92685,"Essex",92673,6,https://digitalarchive.mcmaster.ca/islandora/object/macrepo%3A92685
92686,"Oxfordshire",92673,6,https://digitalarchive.mcmaster.ca/islandora/object/macrepo%3A92686
92687,"Staffordshire",92673,6,https://digitalarchive.mcmaster.ca/islandora/object/macrepo%3A92687
92688,"Cornwall",92673,6,https://digitalarchive.mcmaster.ca/islandora/object/macrepo%3A92688
92689,"Lancashire",92673,6,https://digitalarchive.mcmaster.ca/islandora/object/macrepo%3A92689
92690,"Buckinghamshire",92673,6,https://digitalarchive.mcmaster.ca/islandora/object/macrepo%3A92690
92691,"Dorset",92673,6,https://digitalarchive.mcmaster.ca/islandora/object/macrepo%3A92691
92692,"Lincolnshire",92673,6,https://digitalarchive.mcmaster.ca/islandora/object/macrepo%3A92692
92693,"Nottinghamshire",92673,6,https://digitalarchive.mcmaster.ca/islandora/object/macrepo%3A92693
92694,"Durham",92673,6,https://digitalarchive.mcmaster.ca/islandora/object/macrepo%3A92694
92695,"Herefordshire",92673,6,https://digitalarchive.mcmaster.ca/islandora/object/macrepo%3A92695
92696,"Westmorland",92673,6,https://digitalarchive.mcmaster.ca/islandora/object/macrepo%3A92696
92697,"Worcestershire",92673,6,https://digitalarchive.mcmaster.ca/islandora/object/macrepo%3A92697
92699,"Shropshire",92673,6,https://digitalarchive.mcmaster.ca/islandora/object/macrepo%3A92699
92700,"Devon, 1765 (1 map on 3 sheets)",92680,7,https://digitalarchive.mcmaster.ca/islandora/object/macrepo%3A92700
92701,"Essex, 1777 (1 map on 9 sheets)",92685,7,https://digitalarchive.mcmaster.ca/islandora/object/macrepo%3A92701
92702,"Northumberland",92673,6,https://digitalarchive.mcmaster.ca/islandora/object/macrepo%3A92702
92703,"Northumberland, 1769 (1 map on 3 sheets)",92702,7,https://digitalarchive.mcmaster.ca/islandora/object/macrepo%3A92703
92704,"Norfolk",92673,6,https://digitalarchive.mcmaster.ca/islandora/object/macrepo%3A92704
92705,"Sussex",92673,6,https://digitalarchive.mcmaster.ca/islandora/object/macrepo%3A92705
92706,"Wiltshire topographical, 1773 (1 map on 6 sheets)",92684,7,https://digitalarchive.mcmaster.ca/islandora/object/macrepo%3A92706
92707,"Norfolk topographical, 1797 (1 map on 3 sheets)",92704,7,https://digitalarchive.mcmaster.ca/islandora/object/macrepo%3A92707
92708,"Sussex topographical, 1795 (1 map on 2 sheets)",92705,7,https://digitalarchive.mcmaster.ca/islandora/object/macrepo%3A92708
92709,"Cumberland, 1802 (1 map on 2 sheets)",92674,7,https://digitalarchive.mcmaster.ca/islandora/object/macrepo%3A92709
92710,"Somerset",92673,6,https://digitalarchive.mcmaster.ca/islandora/object/macrepo%3A92710
92711,"Somerset, 1782 (1 map on 3 sheets)",92710,7,https://digitalarchive.mcmaster.ca/islandora/object/macrepo%3A92711
92712,"Cumberland and Westmorland, 1883 (1 map on 2 sheets)",92674,7,https://digitalarchive.mcmaster.ca/islandora/object/macrepo%3A92712
92713,"County Maps of Scotland (RMC)",92999,6,https://digitalarchive.mcmaster.ca/islandora/object/macrepo%3A92713
92714,"Kildare, 1783 (1 map on 6 sheets)",92675,6,https://digitalarchive.mcmaster.ca/islandora/object/macrepo%3A92714
92715,"Devonshire, 1809 (1 map on 8 sheets)",92680,7,https://digitalarchive.mcmaster.ca/islandora/object/macrepo%3A92715
92716,"Essex, 1805 (1 map on 4 sheets)",92685,7,https://digitalarchive.mcmaster.ca/islandora/object/macrepo%3A92716
92717,"Suffolk",92673,6,https://digitalarchive.mcmaster.ca/islandora/object/macrepo%3A92717
92718,"Yorkshire",92673,6,https://digitalarchive.mcmaster.ca/islandora/object/macrepo%3A92718
92719,"Suffolk, 1783 (1 map on 3 sheets)",92717,7,https://digitalarchive.mcmaster.ca/islandora/object/macrepo%3A92719
92720,"York, 1771 (1 map on 10 sheets)",92718,7,https://digitalarchive.mcmaster.ca/islandora/object/macrepo%3A92720
92721,"Westmorland and Cumberland, 1883 (1 map on 2 sheets)",92696,7,https://digitalarchive.mcmaster.ca/islandora/object/macrepo%3A92721
92722,"Northampton",92673,6,https://digitalarchive.mcmaster.ca/islandora/object/macrepo%3A92722
92723,"Northampton, 1791 (1 map on 2 sheets)",92722,7,https://digitalarchive.mcmaster.ca/islandora/object/macrepo%3A92723
92724,"Cheshire",92673,6,https://digitalarchive.mcmaster.ca/islandora/object/macrepo%3A92724
92725,"Palatine of Chester, 1794 (1 map on 2 sheets)",92724,7,https://digitalarchive.mcmaster.ca/islandora/object/macrepo%3A92725
92726,"Upper and Lower Canada (RMC)",92947,5,https://digitalarchive.mcmaster.ca/islandora/object/macrepo%3A92726
92914,"Railways, Canada (RMC)",92947,5,https://digitalarchive.mcmaster.ca/islandora/object/macrepo%3A92914
92915,"Northwest Rebellion (1885)",92947,5,https://digitalarchive.mcmaster.ca/islandora/object/macrepo%3A92915
92916,"Railway and Postal Map, 1878 (1 map of 4 sheets)",92914,6,https://digitalarchive.mcmaster.ca/islandora/object/macrepo%3A92916
92921,"John Montresor, 1736-1799 (RMC)",88990,3,https://digitalarchive.mcmaster.ca/islandora/object/macrepo%3A92921
92922,"War of 1812",92926,2,https://digitalarchive.mcmaster.ca/islandora/object/macrepo%3A92922
92925,"Americas, Western Hemisphere (RMC)",21508,3,https://digitalarchive.mcmaster.ca/islandora/object/macrepo%3A92925
92926,"America, North (RMC)",21508,3,https://digitalarchive.mcmaster.ca/islandora/object/macrepo%3A92926
92927,"America, South (RMC)",21508,3,https://digitalarchive.mcmaster.ca/islandora/object/macrepo%3A92927
92928,"British North America (RMC)",92926,3,https://digitalarchive.mcmaster.ca/islandora/object/macrepo%3A92928
92929,"Great Britain (RMC)",92935,4,https://digitalarchive.mcmaster.ca/islandora/object/macrepo%3A92929
92930,"Canals, Great Britain (RMC)",92929,5,https://digitalarchive.mcmaster.ca/islandora/object/macrepo%3A92930
92931,"Roads, Great Britain (RMC)",92929,5,https://digitalarchive.mcmaster.ca/islandora/object/macrepo%3A92931
92932,"Cities, Great Britain (RMC)",92929,5,https://digitalarchive.mcmaster.ca/islandora/object/macrepo%3A92932
92933,"London, England (RMC)",92932,6,https://digitalarchive.mcmaster.ca/islandora/object/macrepo%3A92933
92934,"World (RMC)",21508,3,https://digitalarchive.mcmaster.ca/islandora/object/macrepo%3A92934
92935,"Europe (RMC)",21508,3,https://digitalarchive.mcmaster.ca/islandora/object/macrepo%3A92935
92936,"Asia (RMC)",21508,3,https://digitalarchive.mcmaster.ca/islandora/object/macrepo%3A92936
92937,"Middle East (RMC)",21508,3,https://digitalarchive.mcmaster.ca/islandora/object/macrepo%3A92937
92939,"India (RMC)",92936,4,https://digitalarchive.mcmaster.ca/islandora/object/macrepo%3A92939
92940,"Ireland (RMC)",92935,4,https://digitalarchive.mcmaster.ca/islandora/object/macrepo%3A92940
92941,"Germany (RMC)",92935,4,https://digitalarchive.mcmaster.ca/islandora/object/macrepo%3A92941
92942,"Scandinavia (RMC)",92935,4,https://digitalarchive.mcmaster.ca/islandora/object/macrepo%3A92942
92943,"Netherlands (RMC)",92935,4,https://digitalarchive.mcmaster.ca/islandora/object/macrepo%3A92943
92944,"Greece (RMC)",92935,4,https://digitalarchive.mcmaster.ca/islandora/object/macrepo%3A92944
92945,"Eratosthenes World Maps (18th & 19th century reproductions)",92934,4,https://digitalarchive.mcmaster.ca/islandora/object/macrepo%3A92945
92946,"Ocean, Atlantic (RMC)",21508,3,https://digitalarchive.mcmaster.ca/islandora/object/macrepo%3A92946
92947,"Canada (RMC)",92926,4,https://digitalarchive.mcmaster.ca/islandora/object/macrepo%3A92947
92948,"New France (RMC)",92926,3,https://digitalarchive.mcmaster.ca/islandora/object/macrepo%3A92948
92949,"Spain and Portugal (RMC)",92935,4,https://digitalarchive.mcmaster.ca/islandora/object/macrepo%3A92949
92950,"France (RMC)",92935,4,https://digitalarchive.mcmaster.ca/islandora/object/macrepo%3A92950
92951,"Italy (RMC)",92935,4,https://digitalarchive.mcmaster.ca/islandora/object/macrepo%3A92951
92952,"Africa (RMC)",21508,3,https://digitalarchive.mcmaster.ca/islandora/object/macrepo%3A92952
92953,"Indonesia (RMC)",92936,4,https://digitalarchive.mcmaster.ca/islandora/object/macrepo%3A92953
92954,"Canada, West (RMC)",92947,5,https://digitalarchive.mcmaster.ca/islandora/object/macrepo%3A92954
92955,"States and Colonies of America (RMC)",92926,3,https://digitalarchive.mcmaster.ca/islandora/object/macrepo%3A92955
92957,"Canada, Atlantic (RMC)",92947,5,https://digitalarchive.mcmaster.ca/islandora/object/macrepo%3A92957
92959,"St. Lawrence River, Valley, and Gulf (RMC)",92947,5,https://digitalarchive.mcmaster.ca/islandora/object/macrepo%3A92959
92961,"New England (RMC)",92926,3,https://digitalarchive.mcmaster.ca/islandora/object/macrepo%3A92961
92962,"Greenland (RMC)",92935,4,https://digitalarchive.mcmaster.ca/islandora/object/macrepo%3A92962
92963,"Denmark (RMC)",92942,5,https://digitalarchive.mcmaster.ca/islandora/object/macrepo%3A92963
92964,"Russia (RMC)",92936,4,https://digitalarchive.mcmaster.ca/islandora/object/macrepo%3A92964
92965,"Turkey (RMC)",92936,4,https://digitalarchive.mcmaster.ca/islandora/object/macrepo%3A92965
92966,"Asia, Central (RMC)",92936,4,https://digitalarchive.mcmaster.ca/islandora/object/macrepo%3A92966
92967,"Pakistan (RMC)",92936,4,https://digitalarchive.mcmaster.ca/islandora/object/macrepo%3A92967
92968,"America, Central and Caribbean (RMC)",21508,3,https://digitalarchive.mcmaster.ca/islandora/object/macrepo%3A92968
92969,"Seven Years' War, 1756-1763 (RMC)",93905,3,https://digitalarchive.mcmaster.ca/islandora/object/macrepo%3A92969
92970,"Black Sea Region (RMC)",92936,4,https://digitalarchive.mcmaster.ca/islandora/object/macrepo%3A92970
92971,"Europe, Eastern (RMC)",92935,4,https://digitalarchive.mcmaster.ca/islandora/object/macrepo%3A92971
92972,"Europe, Central (RMC)",92935,4,https://digitalarchive.mcmaster.ca/islandora/object/macrepo%3A92972
92973,"Europe, Baltic and North Sea Region (RMC)",92935,4,https://digitalarchive.mcmaster.ca/islandora/object/macrepo%3A92973
92975,"Joseph DesBarres, 1721-1824 (RMC)",92957,3,https://digitalarchive.mcmaster.ca/islandora/object/macrepo%3A92975
92976,"Australasia (RMC)",92936,4,https://digitalarchive.mcmaster.ca/islandora/object/macrepo%3A92976
92977,"Cities and Townships, Canada (RMC)",92947,5,https://digitalarchive.mcmaster.ca/islandora/object/macrepo%3A92977
92978,"Counties, Canada (RMC)",92947,5,https://digitalarchive.mcmaster.ca/islandora/object/macrepo%3A92978
92979,"Provinces and Territories, Canada (RMC)",92947,5,https://digitalarchive.mcmaster.ca/islandora/object/macrepo%3A92979
92980,"Europe, Mediterranean Sea Region (RMC)",92935,4,https://digitalarchive.mcmaster.ca/islandora/object/macrepo%3A92980
92981,"Iceland (RMC)",92935,4,https://digitalarchive.mcmaster.ca/islandora/object/macrepo%3A92981
92985,"Ocean, Pacific (RMC)",21508,3,https://digitalarchive.mcmaster.ca/islandora/object/macrepo%3A92985
92986,"Niagara (RMC)",92947,5,https://digitalarchive.mcmaster.ca/islandora/object/macrepo%3A92986
92987,"Poland (RMC)",92935,4,https://digitalarchive.mcmaster.ca/islandora/object/macrepo%3A92987
92988,"Polar Regions (RMC)",21508,3,https://digitalarchive.mcmaster.ca/islandora/object/macrepo%3A92988
92991,"Brazil (RMC)",92927,4,https://digitalarchive.mcmaster.ca/islandora/object/macrepo%3A92991
92992,"Straits of Magellan and Tierra del Fuego (RMC)",92927,4,https://digitalarchive.mcmaster.ca/islandora/object/macrepo%3A92992
92993,"Patagonia (RMC)",92927,4,https://digitalarchive.mcmaster.ca/islandora/object/macrepo%3A92993
92995,"Amazon Region (RMC)",92927,4,https://digitalarchive.mcmaster.ca/islandora/object/macrepo%3A92995
92996,"Captain James Cook, First Endeavour Voyage, 1768-1771 (RMC)",92927,4,https://digitalarchive.mcmaster.ca/islandora/object/macrepo%3A92996
92997,"Peru and Bolivia (RMC)",92927,4,https://digitalarchive.mcmaster.ca/islandora/object/macrepo%3A92997
92999,"Scotland (RMC)",92929,5,https://digitalarchive.mcmaster.ca/islandora/object/macrepo%3A92999
93002,"WWI Trench and Topographic Maps, Stuart Collection",77271,3,https://digitalarchive.mcmaster.ca/islandora/object/macrepo%3A93002
93003,"WWII Maps and Charts, Stuart Collection",77271,3,https://digitalarchive.mcmaster.ca/islandora/object/macrepo%3A93003
93004,"Vimy Ridge, Battle of Arras (April 9-12,  1917)",93005,4,https://digitalarchive.mcmaster.ca/islandora/object/macrepo%3A93004
93005,"Battles",34,3,https://digitalarchive.mcmaster.ca/islandora/object/macrepo%3A93005
93006,"2nd Ypres, poison gas attack (April 22-May 25, 1915)",93005,4,https://digitalarchive.mcmaster.ca/islandora/object/macrepo%3A93006
93007,"3rd Ypres, Passchendaele (July 31-November 10, 1917)",93005,4,https://digitalarchive.mcmaster.ca/islandora/object/macrepo%3A93007
93008,"Hill 70, Lens (August 15-25, 1917)",93005,4,https://digitalarchive.mcmaster.ca/islandora/object/macrepo%3A93008
93009,"Beaumont-Hamel, Battle of the Somme (July 1, 1916)",93005,4,https://digitalarchive.mcmaster.ca/islandora/object/macrepo%3A93009
93010,"Cambrai, Canal du Nord, and the Hundred Days Offensive (August 8-November 11, 1918)",93005,4,https://digitalarchive.mcmaster.ca/islandora/object/macrepo%3A93010
93011,"Newfoundland 1:125k Topographic Maps",32223,4,https://digitalarchive.mcmaster.ca/islandora/object/macrepo%3A93011
93014,"WWII Camps, Stuart Collection",93003,4,https://digitalarchive.mcmaster.ca/islandora/object/macrepo%3A93014
93016,"WWII England and Wales, Stuart Collection",93003,4,https://digitalarchive.mcmaster.ca/islandora/object/macrepo%3A93016
93018,"Visibility Maps",34,3,https://digitalarchive.mcmaster.ca/islandora/object/macrepo%3A93018
93841,"Vilhjalmur Stefansson, 1879-1962",88990,3,https://digitalarchive.mcmaster.ca/islandora/object/macrepo%3A93841
93865,"Italy 1:25k Topographic Maps WIG",32223,4,https://digitalarchive.mcmaster.ca/islandora/object/macrepo%3A93865
93896,"WWII Canada, Home Front",66649,3,https://digitalarchive.mcmaster.ca/islandora/object/macrepo%3A93896
93898,"Africa, North Campaign",32223,4,https://digitalarchive.mcmaster.ca/islandora/object/macrepo%3A93898
93899,"WWII U.S. Hydrographic Charts",92024,4,https://digitalarchive.mcmaster.ca/islandora/object/macrepo%3A93899
93900,"Joseph-Elzear Bernier, 1852-1934",88990,3,https://digitalarchive.mcmaster.ca/islandora/object/macrepo%3A93900
93901,"Andrew Robertson Gordon, 1851-1913",88990,3,https://digitalarchive.mcmaster.ca/islandora/object/macrepo%3A93901
93905,"Colonialism",10,2,https://digitalarchive.mcmaster.ca/islandora/object/macrepo%3A93905
93907,"Tunisia Campaign",93898,5,https://digitalarchive.mcmaster.ca/islandora/object/macrepo%3A93907
93908,"Western Desert Campaign",93898,5,https://digitalarchive.mcmaster.ca/islandora/object/macrepo%3A93908
93909,"Algeria",93898,5,https://digitalarchive.mcmaster.ca/islandora/object/macrepo%3A93909
93910,"The Somme (July 1-November 18, 1916)",93005,4,https://digitalarchive.mcmaster.ca/islandora/object/macrepo%3A93910
93912,"WWII Transportation Maps",66649,3,https://digitalarchive.mcmaster.ca/islandora/object/macrepo%3A93912
93913,"Robert John Le Mesurier McClure, 1807-1873",91937,3,https://digitalarchive.mcmaster.ca/islandora/object/macrepo%3A93913
93925,"French Indochina",93905,3,https://digitalarchive.mcmaster.ca/islandora/object/macrepo%3A93925
93926,"India and the British Raj",93905,3,https://digitalarchive.mcmaster.ca/islandora/object/macrepo%3A93926
93970,"Tunisia Going Maps",93907,6,https://digitalarchive.mcmaster.ca/islandora/object/macrepo%3A93970
93973,"Mandates and Protectorates",93905,3,https://digitalarchive.mcmaster.ca/islandora/object/macrepo%3A93973
